{
 "per_d": {
  "3": {
   "2": {
    "w_max": 0.47022962118831046,
    "w_var": 1.979492566213266,
    "n_primes": 69,
    "expected_generic_w_max": 0.5,
    "expected_generic_w_var": 1
   },
   "3": {
    "w_max": 0.9854473139665573,
    "w_var": 2.9766268436197265,
    "n_primes": 69,
    "expected_generic_w_max": 1.0,
    "expected_generic_w_var": 2
   }
  },
  "4": {
   "2": {
    "w_max": 0.49770140855522577,
    "w_var": 2.004276499410378,
    "n_primes": 89,
    "expected_generic_w_max": 0.5,
    "expected_generic_w_var": 1
   },
   "3": {
    "w_max": 0.9795262482691657,
    "w_var": 2.9814975568607034,
    "n_primes": 89,
    "expected_generic_w_max": 1.0,
    "expected_generic_w_var": 2
   }
  },
  "5": {
   "2": {
    "w_max": 0.5055831399039528,
    "w_var": 2.00259279562441,
    "n_primes": 54,
    "expected_generic_w_max": 0.5,
    "expected_generic_w_var": 1
   },
   "3": {
    "w_max": 1.0037647705498913,
    "w_var": 3.009715702074315,
    "n_primes": 54,
    "expected_generic_w_max": 1.0,
    "expected_generic_w_var": 2
   }
  },
  "6": {
   "2": {
    "w_max": 0.4819596252663681,
    "w_var": 1.9912118552683329,
    "n_primes": 124,
    "expected_generic_w_max": 0.5,
    "expected_generic_w_var": 1
   },
   "3": {
    "w_max": 1.0011837589265382,
    "w_var": 3.0098193750949718,
    "n_primes": 124,
    "expected_generic_w_max": 1.0,
    "expected_generic_w_var": 2
   }
  }
 },
 "summary": {
  "avg_w2_maxdev": 0.48886844872846424,
  "avg_w3_maxdev": 0.9924805229280381,
  "per_d_summary": [
   [
    3,
    0.47022962118831046,
    0.9854473139665573
   ],
   [
    4,
    0.49770140855522577,
    0.9795262482691657
   ],
   [
    5,
    0.5055831399039528,
    1.0037647705498913
   ],
   [
    6,
    0.4819596252663681,
    1.0011837589265382
   ]
  ]
 }
}